Workbook
Name NativeTimeline_Col_A: #N/A
Name NativeTimeline_日期: #N/A
Name 切片器_Col_B: #N/A
Name 切片器_Col_C: #N/A
Name 切片器_产品类别: #N/A
Name 切片器_区域: #N/A

Sheet Excel常用功能
A1: 数据工具 | B1: 数据选项卡——数据工具
A14: #VALUE! | B14: 分列 | C14: 对文本进行分列，变通用法，去除首位的空格。与TEXTSPLIT函数有共同的功能（TEXTSPLIT函数需Office2024及以上版本）
A16: #VALUE! | B16: 快速填充 | C16: 略，见填充
A18: #VALUE! | B18: 移除重复值 | C18: 注意对其他列的影响以及是否包含标题行选项
A20: #VALUE! | B20: 数据验证 | C20: 适合小量数据，内含数据验证窗口、圈释无效数据、清除验证标识圈三个选项。先建立数据验证规则，无效数据无法输入。
C21: 在已有数据上建立数据验证规则，可以使用圈释无效数据、清除验证标识圈功能，建议100行以内，10列以内的小量数据使用。
A23: #VALUE! | B23: 合并计算 | C23: 从单独的工作表汇总和报告结果，可以将每个工作表中的数据合并到主工作表中
A25: A | B25: B | D25: A | E25: B | G25: A | H25: B
A26: 2 | B26: 12 | D26: 1 | E26: 6 | G26: 1 | H26: 6
A27: 4 | B27: 14 | C27: = | D27: 2 | E27: 7 | F27: + | G27: 2 | H27: 7
A28: 6 | B28: 16 | D28: 3 | E28: 8 | G28: 3 | H28: 8
A29: 8 | B29: 18 | D29: 4 | E29: 9 | G29: 4 | H29: 9
A30: 10 | B30: 20 | D30: 5 | E30: 10 | G30: 5 | H30: 10
A32: #VALUE! | B32: 数据模型 | C32: 打开power pivot窗口，略，见power pivot
A34: #VALUE! | B34: 分析数据 | C34: 给出插入数据透视表、数据透视图、图表等预览建议。建议从这里进入相关功能。
A36: Col A | B36: Col B | C36: Col C | D36: Col D | E36: Col E | F36: Col F | G36: Col G | H36: Col H | I36: Col I
A37: Row 1 | B37: A | C37: 甲 | D37: 3 | E37: 51 | F37: 3 | G37: 100 | H37: 0.5 | I37: 一
A38: Row 2 | B38: B | C38: 乙 | D38: 5 | E38: 67 | F38: 5 | G38: 100 | H38: 0.7 | I38: 二
A39: Row 3 | B39: B | C39: 丙 | D39: 7 | E39: 43 | F39: 6 | G39: 100 | H39: 0.7 | I39: 三
A40: Row 4 | B40: C | C40: 甲 | D40: 3 | E40: 77 | F40: 7 | G40: 300 | H40: 0.4 | I40: 四
A41: Row 5 | B41: D | C41: 丙 | D41: 5 | E41: 43 | F41: 1 | G41: 300 | H41: 0.5 | I41: 五
A42: Row 6 | B42: A | C42: 乙 | D42: 9 | E42: 48 | F42: 10 | G42: 200 | H42: 0.2 | I42: 六
A43: Row 7 | B43: E | C43: 丙 | D43: 10 | E43: 19 | F43: 2 | G43: 200 | H43: 0.3 | I43: 七
A44: Row 8 | B44: F | C44: 甲 | D44: 8 | E44: 34 | F44: 4 | G44: 200 | H44: 0.9 | I44: 八
A45: Row 9 | B45: G | C45: 乙 | D45: 4 | E45: 55 | F45: 9 | G45: 500 | H45: 0.6 | I45: 九
A46: Row 10 | B46: D | C46: 丙 | D46: 6 | E46: 25 | F46: 8 | G46: 600 | H46: 0.3 | I46: 十
A49: 填充 | B49: 开始选项卡——编辑——填充
A68: 向下、向右、向上、向左 | C68: 略，适合填充公式
A70: 至同组工作表 | C70: 使用CTRL键选中多个工作表组成同组工作表
A72: 序列…
A89: 内容重排 | B89: 快速填充 | C89: 可用于拆分、组合文本等，略
A92: 排序和筛选 | B92: 数据选项卡——排序和筛选
A105: 升序、降序、排序 | C105: 略，注意对其他列的影响
A107: 筛选、清除、重新应用 | C107: 略
A109: 高级筛选 | C109: 通过设置条件区域来定义筛选规则，并可将结果原地筛选或复制到其他位置，用来取代快速筛选很合适，但是表功能更强大。
A111: Col A | B111: Col B | C111: Col C | E111: Col A | F111: Col C | I111: Col A | J111: Col B | K111: Col C
A112: 部门A | B112: 甲 | C112: 5000 | E112: 部门A | F112: >4000 | I112: 部门A | J112: 甲 | K112: 5000
A113: 部门A | B113: 乙 | C113: 3000 | E113: 部门B | I113: 部门B | J113: 丙 | K113: 6000
A114: 部门B | B114: 丙 | C114: 6000 | I114: 部门B | J114: 丁 | K114: 3000
A115: 部门B | B115: 丁 | C115: 3000 | I115: 部门A | J115: 甲 | K115: 8000
A116: 部门C | B116: 戊 | C116: 4500
A117: 部门A | B117: 甲 | C117: 5000
A118: 部门A | B118: 甲 | C118: 8000
A121: 数据透视图和数据透视图 | C121: 插入选项卡——数据透视表、数据透视图
A134: Col A | B134: Col B | C134: Col C | D134: Col D | E134: Col E | F134: Col F | G134: Col G | H134: Col H | I134: Col I
A135: Row 1 | B135: A | C135: 甲 | D135: 3 | E135: 51 | F135: 3 | G135: 100 | H135: 0.5 | I135: 一
A136: Row 2 | B136: B | C136: 乙 | D136: 5 | E136: 67 | F136: 5 | G136: 100 | H136: 0.7 | I136: 二
A137: Row 3 | B137: B | C137: 丙 | D137: 7 | E137: 43 | F137: 6 | G137: 100 | H137: 0.7 | I137: 三
A138: Row 4 | B138: C | C138: 甲 | D138: 3 | E138: 77 | F138: 7 | G138: 300 | H138: 0.4 | I138: 四
A139: Row 5 | B139: D | C139: 丙 | D139: 5 | E139: 43 | F139: 1 | G139: 300 | H139: 0.5 | I139: 五
A140: Row 6 | B140: A | C140: 乙 | D140: 9 | E140: 48 | F140: 10 | G140: 200 | H140: 0.2 | I140: 六
A141: Row 7 | B141: E | C141: 丙 | D141: 10 | E141: 19 | F141: 2 | G141: 200 | H141: 0.3 | I141: 七
A142: Row 8 | B142: F | C142: 甲 | D142: 8 | E142: 34 | F142: 4 | G142: 200 | H142: 0.9 | I142: 八
A143: Row 9 | B143: G | C143: 乙 | D143: 4 | E143: 55 | F143: 9 | G143: 500 | H143: 0.6 | I143: 九
A144: Row 10 | B144: D | C144: 丙 | D144: 6 | E144: 25 | F144: 8 | G144: 600 | H144: 0.3 | I144: 十
A146: 求和项:Col E | B146: 列标签
A147: 行标签 | B147: 甲 | C147: 乙 | D147: 丙 | E147: 总计
A148: A | B148: 51 | C148: 48 | E148: 99
A149: B | C149: 67 | D149: 43 | E149: 110
A150: C | B150: 77 | E150: 77
A151: D | D151: 68 | E151: 68
A152: E | D152: 19 | E152: 19
A153: F | B153: 34 | E153: 34
A154: G | C154: 55 | E154: 55
A155: 总计 | B155: 162 | C155: 170 | D155: 130 | E155: 462
A157: 插入日程表（时间轴）
A158: 时间轴（Timeline） 是一种专用于筛选日期字段的可视化交互工具，它是 Slicer（切片器）的特殊形式，仅适用于包含日期或时间数据的数据透视表（PivotTable）或基于 Power Pivot 数据模型的表格。
A160: Col A | B160: Col B | C160: Col C | D160: Col D | E160: Col E | F160: Col F | G160: Col G | H160: Col H | I160: Col I
A161: 45672 | B161: A | C161: 甲 | D161: 3 | E161: 51 | F161: 3 | G161: 100 | H161: 0.5 | I161: 一
A162: 45703 | B162: B | C162: 乙 | D162: 5 | E162: 67 | F162: 5 | G162: 100 | H162: 0.7 | I162: 二
A163: 45731 | B163: B | C163: 丙 | D163: 7 | E163: 43 | F163: 6 | G163: 100 | H163: 0.7 | I163: 三
A164: 45762 | B164: C | C164: 甲 | D164: 3 | E164: 77 | F164: 7 | G164: 300 | H164: 0.4 | I164: 四
A165: 45792 | B165: D | C165: 丙 | D165: 5 | E165: 43 | F165: 1 | G165: 300 | H165: 0.5 | I165: 五
A166: 45823 | B166: A | C166: 乙 | D166: 9 | E166: 48 | F166: 10 | G166: 200 | H166: 0.2 | I166: 六
A167: 45853 | B167: E | C167: 丙 | D167: 10 | E167: 19 | F167: 2 | G167: 200 | H167: 0.3 | I167: 七
A168: 45884 | B168: F | C168: 甲 | D168: 8 | E168: 34 | F168: 4 | G168: 200 | H168: 0.9 | I168: 八
A169: 45915 | B169: G | C169: 乙 | D169: 4 | E169: 55 | F169: 9 | G169: 500 | H169: 0.6 | I169: 九
A170: 45945 | B170: D | C170: 丙 | D170: 6 | E170: 25 | F170: 8 | G170: 600 | H170: 0.3 | I170: 十
A172: 求和项:Col E | B172: 列标签
A173: 行标签 | B173: 甲 | C173: 乙 | D173: 丙 | E173: 总计
A174: 1月 | B174: 51 | E174: 51
A175: 2月 | C175: 67 | E175: 67
A176: 3月 | D176: 43 | E176: 43
A177: 4月 | B177: 77 | E177: 77
A178: 5月 | D178: 43 | E178: 43
A179: 6月 | C179: 48 | E179: 48
A180: 7月 | D180: 19 | E180: 19
A181: 8月 | B181: 34 | E181: 34
A182: 9月 | C182: 55 | E182: 55
A183: 10月 | D183: 25 | E183: 25
A184: 总计 | B184: 162 | C184: 170 | D184: 130 | E184: 462
A204: 条件化格式 | B204: 开始选项卡——样式
A217: 适合标识呈现数据，但是有更方便的表功能。略。
A220: 表格 | B220: 插入选项卡——表格
A233: 格式化为表格 | B233: 快捷键 ctrl+T
A235: Col A | B235: Col B | C235: Col C | D235: Col D | E235: Col E | F235: Col F | G235: Col G | H235: Col H | I235: Col I
A236: Row 1 | B236: A | C236: 甲 | D236: 3 | E236: 51 | F236: 3 | G236: 100 | H236: 0.5 | I236: 一
A237: Row 2 | B237: B | C237: 乙 | D237: 5 | E237: 67 | F237: 5 | G237: 100 | H237: 0.7 | I237: 二
A238: Row 3 | B238: B | C238: 丙 | D238: 7 | E238: 43 | F238: 6 | G238: 100 | H238: 0.7 | I238: 三
A239: Row 4 | B239: C | C239: 甲 | D239: 3 | E239: 77 | F239: 7 | G239: 300 | H239: 0.4 | I239: 四
...

Sheet 图表类型
A1: 图表类型 | B1: 结构成分 | C1: 排序 | D1: 频率分布 | E1: 时间序列 | F1: 关联性
A2: 柱形图 | B2: 适用 | C2: 适用 | D2: 适用（连续） | E2: 适用（不连续）
A3: 折线图 | E3: 适用（连续） | F3: 适用（连续）
A4: 饼图 | B4: 适用
A5: 条形图 | C5: 适用
A6: 面积图 | E6: 适用
A7: XY散点图 | D7: 适用（不连续） | F7: 适用（不连续）
A8: 地图
A9: 股价图
A10: 曲面图
A11: 雷达图
A12: 树状图 | B12: 适用
A13: 旭日图（圆环图） | B13: 适用
A14: 直方图 | D14: 适用
A15: 箱型图
A16: 瀑布图
A17: 漏斗图 | B17: 适用
A18: 组合图

Sheet 表格+数据透视+切片器
A1: 日期 | B1: 区域 | C1: 产品类别 | D1: 销售员 | E1: 销售额 | F1: 订单数量 | H1: 求和项:销售额 | I1: 列标签
A2: 45658 | B2: 华东 | C2: 电子产品 | D2: 张三 | E2: 12000 | F2: 8 | H2: 行标签 | I2: 电子产品 | J2: 服装 | K2: 家居用品 | L2: 食品 | M2: 总计
A3: 45659 | B3: 华南 | C3: 家居用品 | D3: 李四 | E3: 9500 | F3: 6 | H3: 华北 | J3: 15500 | L3: 34500 | M3: 50000
A4: 45660 | B4: 华北 | C4: 食品 | D4: 王五 | E4: 7500 | F4: 5 | H4: 华东 | I4: 12000 | K4: 60500 | M4: 72500
A5: 45661 | B5: 西南 | C5: 服装 | D5: 赵六 | E5: 8500 | F5: 4 | H5: 华南 | I5: 74500 | K5: 9500 | M5: 84000
A6: 45662 | B6: 华东 | C6: 家居用品 | D6: 孙七 | E6: 9000 | F6: 7 | H6: 西南 | J6: 42000 | L6: 14000 | M6: 56000
A7: 45663 | B7: 华南 | C7: 电子产品 | D7: 周八 | E7: 10000 | F7: 9 | H7: 总计 | I7: 86500 | J7: 57500 | K7: 70000 | L7: 48500 | M7: 262500
A8: 45664 | B8: 华北 | C8: 服装 | D8: 吴九 | E8: 8000 | F8: 5
A9: 45665 | B9: 西南 | C9: 食品 | D9: 郑十 | E9: 7000 | F9: 4
A10: 45666 | B10: 华东 | C10: 家居用品 | D10: 张三 | E10: 8500 | F10: 6
A11: 45667 | B11: 华南 | C11: 电子产品 | D11: 李四 | E11: 10500 | F11: 8
A12: 45668 | B12: 华北 | C12: 食品 | D12: 王五 | E12: 6500 | F12: 4
A13: 45669 | B13: 西南 | C13: 服装 | D13: 赵六 | E13: 8500 | F13: 5
A14: 45670 | B14: 华东 | C14: 家居用品 | D14: 孙七 | E14: 8000 | F14: 6
A15: 45671 | B15: 华南 | C15: 电子产品 | D15: 周八 | E15: 10000 | F15: 7
A16: 45672 | B16: 华北 | C16: 服装 | D16: 吴九 | E16: 7500 | F16: 5
A17: 45673 | B17: 西南 | C17: 食品 | D17: 郑十 | E17: 7000 | F17: 4
A18: 45674 | B18: 华东 | C18: 家居用品 | D18: 张三 | E18: 9000 | F18: 7
A19: 45675 | B19: 华南 | C19: 电子产品 | D19: 李四 | E19: 11000 | F19: 8
... A31: 45687 | B31: 华南 | C31: 电子产品 | D31: 周八 | E31: 11000 | F31: 8

Sheet 函数清单
A1: 函数符号 | B1: =函数符号!A1 -> 相对引用与绝对引用
B2: =函数符号!A5 -> 双引号“”
B3: =函数符号!A9 -> 连接运算符&
B4: =函数符号!A12 -> 通配符 * ?
B5: @
A7: 文本函数 | B7: =文本!A2 -> TRIM | C7: =文本!B2 -> 除了单词之间的单个空格之外，移除文本中的所有空格
B8: =文本!A6 -> LEN | C8: =文本!B6 -> 返回文本字符串中的字符个数
B9: =文本!A9 -> LEFT | C9: =文本!B9 -> 从文本字符串的第一个字符开始返回指定个数的字符
B10: =文本!A17 -> RIGHT | C10: =文本!B17 -> 根据所指定的字符数返回文本字符串中最后一个或多个字符
B11: =文本!A25 -> MID | C11: =文本!B25 -> 返回文本字符串中从指定位置开始的特定数目的字符，该数目由用户指定
B12: =文本!A33 -> TEXT | C12: =文本!B33 -> 通过格式代码向数字应用格式，进而更改数字的显示方式
B13: =文本!A40 -> VALUE | C13: =文本!B40 -> 将表示数字的文本字符串转换为数字
B14: =文本!A44 -> VALUETOTEXT | C14: =文本!B44 -> 从任何指定值返回文本
B15: =文本!A51 -> CLEAN | C15: =文本!B51 -> 删除文本中所有不能打印的字符
B16: =文本!A56 -> SUBSTITUTE | C16: =文本!B56 -> 在文本字符串中用 new_text 替换 old_text
B17: =文本!A66 -> REPLACE | C17: =文本!B66 -> 根据指定的字符数，将部分文本字符串替换为不同的文本字符串
B18: =文本!A78 -> CONCAT | C18: =文本!B78 -> 合并来自多个区域和/或字符串的文本
B19: =文本!A81 -> FIND | C19: =文本!B81 -> 在第二个文本字符串中查找一个文本字符串，
A21: 统计函数 | B21: =统计!A2 -> SUM | C21: =统计!B2 -> 将单个值、单元格引用或是区域相加，或者将三者的组合相加
B22: =统计!A8 -> SUMIF | C22: =统计!B8 -> 对范围中符合指定条件的值求和
B23: =统计!A16 -> SUMIFS | C23: =统计!B16 -> 满足多个条件的全部参数的总量
B24: =统计!A23 -> SUMPRODUCT | C24: =统计!B23 -> 返回相应范围或数组的乘积的总和
B25: =统计!A31 -> COUNT | C25: =统计!B31 -> 计算包含数字的单元格个数以及参数列表中数字的个数
B26: =统计!A37 -> COUNTA | C26: =统计!B37 -> 计算范围中不为空的单元格的个数
B27: =统计!A43 -> COUNTBLANK | C27: =统计!B43 -> 计算范围中不为空的单元格的个数
B28: =统计!A48 -> COUNTIF | C28: =统计!B48 -> 统计满足某个条件的单元格的数量
B29: =统计!A55 -> COUNTIFS | C29: =统计!B55 -> 统计满足所有条件的次数
B30: =统计!A65 -> MAX | C30: =统计!B65 -> 返回一组值中的最大值
B31: =统计!A69 -> MIN | C31: =统计!B69 -> 参见MAX
B32: =统计!A71 -> AVERAGE | C32: =统计!B71 -> 返回参数的平均 (算术平均值)
B33: =统计!A75 -> AVERAGEIF | C33: =统计!B75 -> 返回某个区域内满足给定条件的所有单元格的平均值（算术平均值）
B34: =统计!A82 -> AVERAGEIFS | C34: =统计!B82 -> 返回满足多个条件的所有单元格的平均值（算术平均值）
B35: =统计!A89 -> MEDIAN | C35: =统计!B89 -> 返回一组已知数字的中值（中位数）
B36: =统计!A93 -> MODE | C36: =统计!B93 -> 返回数组或数据区域中最常出现或重复的值（众数）
B37: =统计!A97 -> MODE.SNGL | C37: =统计!B97 -> 返回在某一数组或数据区域中出现频率最多的数值
B38: =统计!A103 -> MODE.MULT | C38: =统计!B103 -> 返回一组数据或数据区域中出现频率最高或重复出现的数值的垂直数组
B39: =统计!A111 -> STDEV.S | C39: =统计!B111 -> 基于样本估算标准偏差（忽略样本中的逻辑值和文本）
B40: =统计!A117 -> STDEV.P | C40: =统计!B117 -> 计算基于以参数形式给出的整个样本总体的标准偏差（忽略逻辑值和文本）
B41: =统计!A123 -> VAR.S | C41: =统计!B123 -> 估算基于样本的方差（忽略样本中的逻辑值和文本）
B42: =统计!A129 -> VAR.P | C42: =统计!B129 -> 计算基于整个样本总体的方差（忽略样本总体中的逻辑值和文本）
B43: =统计!A135 -> 变异系数(CV) | C43: =统计!B135 -> 标准差除以平均值
B44: =统计!A137 -> CORREL | C44: =统计!B137 -> 返回两个单元格区域的相关系数
B45: =统计!A141 -> RANK | C45: =统计!B141 -> 返回一列数字的数字排位
B46: =统计!A147 -> LARGE | C46: =统计!B147 -> 返回数据集中第 k 个最大值
B47: =统计!A150 -> SMALL | C47: =统计!B150 -> 返回数据集中的第 k 个最小值
B48: =统计!A153 -> SUBTOTAL | C48: =统计!B153 -> 返回列表或数据库中的分类汇总
A50: 查找引用函数 | B50: =查找引用!A2 -> XLOOKUP | C50: =查找引用!B2 -> 按行查找表或区域中的项
B51: =查找引用!A24 -> INDIRECT | C51: =查找引用!B24 -> 返回由文本字符串指定的引用
B52: =查找引用!A31 -> ROW | C52: =查找引用!B31 -> 返回引用的行号
B53: =查找引用!A38 -> ROWS | C53: =查找引用!B38 -> 返回引用或数组的行数
B54: =查找引用!A41 -> COLUMN | C54: =查找引用!B41 -> 参见COLUMN
B55: =查找引用!A42 -> COLUMNS | C55: =查找引用!B42 -> 参见COLUMNS
B56: =查找引用!A46 -> INDEX | C56: =查找引用!B46 -> 数组形式：通过行号和列号索引返回元素的值（当第一个参数为数组常量时）
B57: =查找引用!A60 -> MATCH | C57: =查找引用!B60 -> 在范围单元格中搜索特定的项，然后返回该项在此区域中的相对位置
A59: 逻辑判断函数 | B59: =逻辑判断!A2 -> IF | C59: =逻辑判断!B2 -> 对值和期待值进行逻辑比较
B60: =逻辑判断!A6 -> IFS | C60: =逻辑判断!B6 -> 检查是否满足一个或多个条件，且返回符合第一个 TRUE 条件的值
B61: =逻辑判断!A15 -> IFERROR | C61: =逻辑判断!B15 -> 处理公式中的错误
B62: =逻辑判断!A21 -> AND | C62: =逻辑判断!B21 -> 确定测试中的所有条件是否均为 TRUE
B63: =逻辑判断!A26 -> OR | C63: =逻辑判断!B26 -> 确定测试中的所有条件是否均为 TRUE
B64: =逻辑判断!A31 -> NOT | C64: =逻辑判断!B31 -> 对其参数的值进行求反
A66: 日期时间函数 | B66: =日期时间!A2 -> TODAY | C66: =日期时间!B2 -> 返回当前日期的序列号
B67: =日期时间!A5 -> NOW | C67: =日期时间!B5 -> 返回当前日期和时间的序列号
B68: =日期时间!A8 -> DATE | C68: =日期时间!B8 -> 返回表示特定日期的连续序列号
B69: =日期时间!A12 -> YEAR | C69: =日期时间!B12 -> 返回对应于某个日期的年份
B70: =日期时间!A16 -> MONTH | C70: =日期时间!B16 -> 返回日期（以序列数表示）中的月份
B71: =日期时间!A19 -> DAY | C71: =日期时间!B19 -> 返回以序列数表示的某日期的天数
B72: =日期时间!A22 -> DAYS | C72: =日期时间!B22 -> 返回两个日期之间的天数
B73: =日期时间!A26 -> WEEKDAY | C73: =日期时间!B26 -> 返回对应于某个日期的一周中的第几天
A75: 数学函数 | B75: =数学!A2 -> ROUND | C75: =数学!B2 -> 将数字四舍五入到指定的位数
B76: =数学!A5 -> ROUNDUP | C76: =数学!B5 -> 将数字进行向上舍入到指定的位数
B77: =数学!A8 -> ROUNDDOWN | C77: =数学!B8 -> 将数字进行向下舍入到指定的位数
B78: =数学!A11 -> ABS | C78: =数学!B11 -> 返回数字的绝对值
B79: =数学!A16 -> MOD | C79: =数学!B16 -> 返回两数相除的余数。结果的符号与除数相同
B80: =数学!A19 -> RAND | C80: =数学!B19 -> 返回了一个大于等于 0 且小于 1 的平均分布的随机实数
B81: =数学!A23 -> RANDBETWEEN | C81: =数学!B23 -> 返回位于两个指定数之间的一个随机整数
A83: 动态阵列函数 | B83: =动态阵列!A2 -> FILTER | C83: =动态阵列!B2 -> 基于布尔值 (True/False) 数组筛选数组
B84: =动态阵列!A7 -> SORT | C84: =动态阵列!B7 -> 将返回数组中排序的元素数组
B85: =动态阵列!A21 -> SORTBY | C85: =动态阵列!B21 -> 基于相应范围或数组中的值对范围或数组的内容进行排序
B86: =动态阵列!A35 -> UNIQUE | C86: =动态阵列!B35 -> 函数返回列表或范围中的一系列唯一值
B87: =动态阵列!A47 -> SEQUENCE | C87: =动态阵列!B47 -> 在数组中生成一系列连续数字
B88: =动态阵列!A55 -> RANDARRAY | C88: =动态阵列!B55 -> 返回一组随机数字
B89: =动态阵列!A63 -> TEXTSPLIT | C89: =动态阵列!B63 -> 跨列拆分或按行向下拆分文本
B90: =动态阵列!A72 -> OFFSET | C90: =动态阵列!B72 -> 返回对单元格或单元格区域中指定行数和列数的区域的引用
B91: =动态阵列!A80 -> PIVOTBY | C91: =动态阵列!B80 -> 根据指定的行和列字段对数据进行分组、聚合、排序和筛选

Sheet 函数符号
A1: 相对引用与绝对引用
A2: 绝对引用的快捷键：F4 | B2: 1 | C2: 2 | D2: 3 | E2: 4
A3: 绝对引用符号：美元符号$ | B3: =B2 -> 1 | C3: =$C2 -> 2 | D3: =D$2 -> 3 | E3: =$E$2 -> 4
A5: 双引号“”
A6: 双引号通常用于表示空字符串或是用来包含文字数据
A7: “”：表示一个空值
A9: 连接运算符&
A10: 连接运算符用于将两个或多个字符串连接起来 | D10: =E10&F10 -> AB | E10: A | F10: B
A12: 通配符 * ?
A13: *（星号）：代表任何数量的字符，包括零个字符 | E13: =COUNTIF(F13:J13, "*手机*") -> 3 | F13: Apple手机 | G13: 小米手机 | H13: 小米手环 | I13: Apple Watch | J13: Android手机
A14: `?`（问号）：代表单一任意字符 | E14: =COUNTIF(F14:J14, "小米??") -> 2 | F14: Apple手机 | G14: 小米手机 | H14: 小米手环 | I14: Apple Watch | J14: Android手机
A16: 普通单元格公式（动态数组 Excel）：隐式交集操作符，取与当前单元格同行/列的单个值
A18: 10
A19: 20
A20: 30 | C20: =A18:A22 -> 30
A21: 40 | C21: =A18:A22 -> 40
A22: 50
A24: 表格（Table）中的结构化引用：表示“当前行”的数据，如 [@列名]
A26: Col A | B26: 列1 | C26: 列2
A27: 10 | C27: =表A[[#This Row],[Col A]]*0.1 -> 1
A28: 20 | C28: =表A[[#This Row],[Col A]]*0.1 -> 2
A29: 30 | C29: =表A[[#This Row],[Col A]]*0.1 -> 3
A30: 40 | C30: =表A[[#This Row],[Col A]]*0.1 -> 4
A31: 50 | C31: =表A[[#This Row],[Col A]]*0.1 -> 5
A33: 在旧版 Excel（如 Excel 2016 及更早）中，@ 不是合法的公式符号，不会出现这种用法。

Sheet 文本
A1: 函数 | B1: 说明摘要 | C1: 语法 | D1: 参数说明 | E1: 使用示例
A2: TRIM | B2: 除了单词之间的单个空格之外，移除文本中的所有空格 | C2: TRIM(text) | D2: text 必需。要从中移除空格的文本 | E2: 转化后 | F2: text
E3: =TRIM(F3) -> abcd efg | F3: abcd efg
E4: =TRIM(F4) -> 你好 世界 | F4: 你好 世界
A6: LEN | B6: 返回文本字符串中的字符个数 | C6: LEN(text) | D6: text 必需。要查找其长度的文本 | E6: 结果 | F6: text
E7: =LEN(F7) -> 8 | F7: ABCD FEG | G7: 空格将作为字符进行计数
A9: LEFT | B9: 从文本字符串的第一个字符开始返回指定个数的字符 | C9: LEFT(text, [num_chars]) | D9: 文本 必需。包含要提取的字符的文本字符串 | E9: 结果 | F9: text | G9: num_chars
E10: =LEFT(F10) -> a | F10: abcdefg
D11: num_chars 可选。指定要由 LEFT 提取的字符的数量 | E11: =LEFT(F11) -> 你 | F11: 你好世界
E12: =LEFT(F12,G12) -> abcd | F12: abcdefg | G12: 4
E13: =LEFT(F13,G13) -> 你好 | F13: 你好世界 | G13: 2
D14: 省略 num_chars，则假定其值为 1 | E14: =LEFT(F14,G14) -> abcdefg | F14: abcdefg | G14: 10
E15: =LEFT(F15,G15) -> 你好世界 | F15: 你好世界 | G15: 10
A17: RIGHT | B17: 根据所指定的字符数返回文本字符串中最后一个或多个字符 | C17: RIGHT(text,[num_chars]) | D17: 参照LEFT相同 | E17: 结果 | F17: text | G17: num_chars
E18: =RIGHT(F18) -> g | F18: abcdefg
E19: =RIGHT(F19) -> 界 | F19: 你好世界
E20: =RIGHT(F20,G20) -> defg | F20: abcdefg | G20: 4
E21: =RIGHT(F21,G21) -> 世界 | F21: 你好世界 | G21: 2
E22: =RIGHT(F22,G22) -> abcdefg | F22: abcdefg | G22: 10
E23: =RIGHT(F23,G23) -> 你好世界 | F23: 你好世界 | G23: 10
A25: MID | B25: 返回文本字符串中从指定位置开始的特定数目的字符，该数目由用户指定 | C25: MID(text, start_num, num_chars) | D25: text 必需。包含要提取字符的文本字符串 | E25: 结果 | F25: text | G25: start_num | H25: num_chars
E26: =MID(F26,G26,H26) -> cdef | F26: abcdefg | G26: 3 | H26: 4
D27: start_num 必需。文本中要提取的第一个字符的位置 | E27: =MID(F27,G27,H27) -> 好世 | F27: 你好世界 | G27: 2 | H27: 2
E28: =MID(F28,G28,H28) | F28: abcdefg | G28: 10 | H28: 4
E29: =MID(F29,G29,H29) | F29: 你好世界 | G29: 10 | H29: 2
D30: num_chars 必需。指定希望 MID 从文本中返回字符的个数 | E30: =MID(F30,G30,H30) -> cdefg | F30: abcdefg | G30: 3 | H30: 10
E31: =MID(F31,G31,H31) -> 好世界 | F31: 你好世界 | G31: 2 | H31: 10
A33: TEXT | B33: 通过格式代码向数字应用格式，进而更改数字的显示方式 | C33: TEXT(value, format_text) | D33: value 要转换为文本的数值 | E33: 转化后 | F33: value | G33: format_text
E34: =TEXT(F34,G34) -> $1,234.57 | F34: 1234.567 | G34: $#,##0.00
D35: format_text 一个文本字符串，定义要应用于所提供值的格式 | E35: =TEXT(F35,G35) -> 01/08/26 | F35: =TODAY() -> 46030 | G35: MM/DD/YY
E36: =TEXT(F36,G36) -> Thursday | F36: =TODAY() -> 46030 | G36: DDDD
E37: =TEXT(F37,G37) -> 2:46 PM | F37: =NOW() -> 46030.616 | G37: H:MM AM/PM
E38: =TEXT(F38,G38) -> 28.50% | F38: 0.285 | G38: 0.00%
A40: VALUE | B40: 将表示数字的文本字符串转换为数字 | C40: VALUE(text) | D40: text 必需。用引号括起来的文本或包含要转换文本的单元格的引用 | E40: 转化后 | F40: value
E41: =VALUE(F41) -> 1000 | F41: 1,000
E42: =VALUE(F42) -> 123345 | F42: 123,345.00
A44: VALUETOTEXT | B44: 从任何指定值返回文本 | C44: VALUETOTEXT(value, [format]) | D44: value 必需。以文本形式返回的值 | E44: 转化后 | F44: value | G44: [format]
E45: =_xlfn.VALUETOTEXT(F45) -> 12345.8967 | F45: 12345.897
D46: format 可选。返回的数据的格式，0 默认。简明格式。1 包含转义字符和行定界符的严格格式 | E46: =_xlfn.VALUETOTEXT(F46,G46) -> 12345.8967 | F46: 12345.897 | G46: 0
E47: =_xlfn.VALUETOTEXT(F47,G47) -> 12345.8967 | F47: 12345.897 | G47: 1
A51: CLEAN | B51: 删除文本中所有不能打印的字符 | C51: CLEAN(text) | D51: 文本 必需。要从中删除非打印字符的任何工作表信息 | E51: 转化后 | F51: text
E52: =CLEAN(F52) -> 月度报表 | F52: 月度报 表
E53: =CLEAN(F53) -> Helloworld | F53: Hello world
A55: 如果需要在某一文本字符串中替换指定的文本，首选使用函数 SUBSTITUTE；如果需要在某一文本字符串中替换特定位置处的任意文本，首选使用函数 REPLACE。
A56: SUBSTITUTE | B56: 在文本字符串中用 new_text 替换 old_text | C56: SUBSTITUTE(text, old_text, new_text, [instance_num]) | D56: text 必需。需要替换其中字符的文本 | E56: 转化后 | F56: text | G56: old_text | H56: new_text | I56: [instance_num]
E57: =SUBSTITUTE(F57,G57,H57) -> 华南数据 | F57: 华北数据 | G57: 华北 | H57: 华南
D58: old_text 必需。需要替换的文本 | E58: =SUBSTITUTE(F58,G58,H58,I58) -> 12025年2月份 | F58: 2025年2月份 | G58: 2 | H58: 12 | I58: 1
E59: =SUBSTITUTE(F59,G59,H59,I59) -> 20125年2月份 | F59: 2025年2月份 | G59: 2 | H59: 12 | I59: 2
D60: new_text 必需。用于替换 old_text 的文本 | E60: =SUBSTITUTE(F60,G60,H60,I60) -> 2025年12月份 | F60: 2025年2月份 | G60: 2 | H60: 12 | I60: 3
D62: Instance_num 可选。指定要将第几个 old_text 替换为 new_text
E63: 如果指定了 instance_num，则只有满足要求的 old_text 被替换。否则，文本中出现的所有 old_text 都会更改为 new_text
A66: REPLACE | B66: 根据指定的字符数，将部分文本字符串替换为不同的文本字符串 | C66: REPLACE(old_text, start_num, num_chars, new_text) | D66: old_text 必需。要替换其部分字符的文本 | E66: 转化后 | F66: old_text | G66: start_num | H66: num_chars | I66: new_text
E67: =REPLACE(F67,G67,H67,I67) -> ABCD##HIJK | F67: ABCDEFGHIJK | G67: 5 | H67: 3 | I67: ##
D68: start_num 必需。old_text 中要替换为 new_text 的字符位置 | E68: =REPLACE(F68,G68,H68,I68) -> 2026 | F68: 2025 | G68: 3 | H68: 2 | I68: 26
E69: =REPLACE(F69,G69,H69,I69) -> %456 | F69: 123456 | G69: 1 | H69: 3 | I69: %
D71: num_chars 必需。old_text 中希望 REPLACE 使用 new_text 来进行替换的字符数
D75: new_text 必需。将替换 old_text 中字符的文本
A78: CONCAT | B78: 合并来自多个区域和/或字符串的文本 | C78: CONCAT(text1, [text2],…) | D78: text1 必需 | E78: 结果 | F78: text
A79: 与 & 效果相同 | D79: [text2， ...] 可选 | E79: =_xlfn.CONCAT(F79,G79,H79,I79) -> Hello, world! | F79: Hello | G79: , | H79: world | I79: !
A81: FIND | B81: 在第二个文本字符串中查找一个文本字符串， | C81: FIND(find_text, within_text, [start_num]) | D81: find_text 要查找的文本 | E81: 结果 | F81: find_text | G81: within_text
D82: within_text 包含的文本 | E82: =FIND(F82,G82) -> 1 | F82: a | G82: abcde | H82: start_num
B83: 并返回第一个文本字符串从第二个文本字符串的第一个字符开始位置的编号 | D83: start_num 如省略则为 1 | E83: =FIND(F83,G83,H83) -> 3 | F83: c | G83: abcde | H83: 2

Sheet 统计
A1: 函数 | B1: 说明摘要 | C1: 语法 | D1: 参数说明 | E1: 使用示例
A2: SUM | B2: 将单个值、单元格引用或是区域相加，或者将三者的组合相加 | C2: SUM(number1,[number2],...) | D2: number1 必需 | E2: 结果 | F2: number1 | G2: number2 | H2: number3 | I2: number4
D3: number2-255 可选 | E3: =SUM(F3) -> 1 | F3: 1
E4: =SUM(F4:G4) -> 5 | F4: 2 | G4: 3
E5: =SUM(F5,G5:H5) -> 15 | F5: 4 | G5: 5 | H5: 6
E6: =SUM(F6:G6,H6:I6) -> 17 | F6: 7 | G6: & | H6: nine | I6: 10
A8: SUMIF | B8: 对范围中符合指定条件的值求和 | C8: SUMIF(range, criteria, [sum_range]) | D8: range 必需 | E8: 结果 | F8: range | G8: criteria | H8: sum_range
D9: criteria 必需 | E9: =SUMIF(F9:F12,G9,H9:H12) -> 5 | F9: A | G9: B | H9: 1
C10: criteria 以数字、表达式、单元格参考、文本或函数的形式来定义将添加哪些单元格。可包括的通配符字符 - 问号（？）以匹配任意单个字符，星号（*）以匹配任意字符序列。如果要查找实际的问号或星号，需在该字符前键入波形符（~） | D10: sum_range 可选。要添加的实际单元格。 如果省略sum_range参数，会添加范围参数中指定的单元格 | F10: B | H10: 2
E11: =SUMIF(H9:H13,G11) -> 4 | F11: B | G11: 2 | H11: 3
F12: C | H12: 2
F13: D | H13: 5
A16: SUMIFS | B16: 满足多个条件的全部参数的总量 | C16: SUMIFS(sum_range, criteria_range1, criteria1, [criteria_range2, criteria2], ...) | D16: Sum_range、Criteria_range1、Criteria1（必需） | E16: 结果 | F16: Sum_range | G16: Criteria1 | H16: Criteria_range1 | I16: Criteria_range2
E17: =SUMIFS(F17:F21,H17:H21,G17,I17:I21,G19) -> 5 | F17: 1 | G17: B | H17: A | I17: 甲
F18: 2 | G18: criteria2 | H18: B | I18: 乙
D19: Criteria_range2, criteria2, … 最多可以输入 127 个区域/条件对 | F19: 3 | G19: 乙 | H19: B | I19: 乙
F20: 2 | H20: B | I20: 丙
F21: 5 | H21: C | I21: 丁
A23: SUMPRODUCT | B23: 返回相应范围或数组的乘积的总和 | C23: SUMPRODUCT (array1， [array2]， [array3]， ...) | D23: array1 必需 | E23: 结果 | F23: array
D24: [array2]、[array3],... 可选。2 到 255 个数组参数，其相应元素需要进行相乘并求和 | E24: =SUMPRODUCT(F24,G24,H24,I24) -> 24 | F24: 1 | G24: 2 | H24: 3 | I24: 4
C25: 将分隔数组参数的逗号替换为所需的算术运算符 (*、/、+、-) 。 执行所有操作后，将像往常一样对结果进行求和 | E25: =SUMPRODUCT(F25:I25) -> 10 | F25: 1 | G25: 2 | H25: 3 | I25: 4
E26: =SUMPRODUCT(F26:I26) -> 26 | F26: 5 | G26: 6 | H26: 7 | I26: 8
E27: =SUMPRODUCT(F25:I25,F26:I26) -> 70 | F27: =F25*F26 -> 5 | G27: =G25*G26 -> 12 | H27: =H25*H26 -> 21 | I27: =I25*I26 -> 32
C28: 例如： | E28: =SUM(F27:I27) -> 70
C29: SUMPRODUCT ( (B2：B9=B12) * (C2：C9=C12) *D2：D9)
A31: COUNT | B31: 计算包含数字的单元格个数以及参数列表中数字的个数 | C31: COUNT(value1, [value2], ...) | D31: value1 必需。要计算其中数字的个数的第一项、单元格引用或区域 | E31: 结果 | F31: value1
E32: =COUNT(F32:I32) -> 1 | F32: A | H32: # | I32: 3
E33: =COUNT("A","#",3) -> 1
D34: value2, ... 可选。最多可包含 255 个
A37: COUNTA | B37: 计算范围中不为空的单元格的个数 | C37: COUNTA(value1, [value2], ...) | D37: value1 必需。要计算其中数字的个数的第一项、单元格引用或区域 | E37: 结果 | F37: value1
E38: =COUNTA(F38:I38) -> 3 | F38: A | H38: # | I38: 3
E39: =COUNTA("A","#",3) -> 3
D40: value2, ... 可选。最多可包含 255 个
A43: COUNTBLANK | B43: 计算范围中不为空的单元格的个数 | C43: COUNTA(value1, [value2], ...) | D43: value1 必需。表示要计数的值的第一个参数 | E43: 结果 | F43: value1
E44: =COUNTBLANK(F44:I44) -> 1 | F44: A | H44: # | I44: 3
D45: value2, ... 可选。最多可包含 255 个参数
A48: COUNTIF | B48: 统计满足某个条件的单元格的数量 | C48: COUNTIF(range, criteria) | D48: criteria_range 必需。在其中计算关联条件的区域 | E48: 结果 | F48: criteria_range
E49: =COUNTIF(F49:H49,I49) -> 2 | F49: 深圳 | G49: 上海 | H49: 深圳 | I49: 深圳
E50: =COUNTIF(F50:H50,"<>"&I50) -> 2 | F50: 深圳 | G50: 上海 | H50: 深圳 | I50: 上海
D51: criteria 必需。条件的形式为数字、表达式、单元格引用或文本 | E51: =COUNTIF(F51:I51,">="&100) -> 2 | F51: 45 | G51: 36 | H51: 234 | I51: 100
E52: =COUNTIF(F52:I52,"*") -> 4 | F52: 深圳 | G52: 上海 | H52: 深圳 | I52: 上海
E53: =COUNTIF(F53:I53,"?南") -> 3 | F53: 河南 | G53: 湖南 | H53: 海南 | I53: 江西
A55: COUNTIFS | B55: 统计满足所有条件的次数 | C55: COUNTIFS(criteria_range1, criteria1, [criteria_range2, criteria2],…) | D55: criteria_range1 必需。在其中计算关联条件的第一个区域 | E55: 结果 | F55: criteria_range1 | G55: criteria1 | H55: criteria_range2 | I55: criteria_range2
E56: =COUNTIFS(F56:F63,G56,H56:H63,"?南",I56:I63,">="&100) -> 2 | F56: 销售 | G56: 销售 | H56: 海南 | I56: 113
F57: 财务 | H57: 湖南 | I57: 120
D58: criteria1 必需。条件的形式为数字、表达式、单元格引用或文本 | F58: 行政 | H58: 海南 | I58: 180
F59: 行政 | H59: 河北 | I59: 200
F60: 销售 | H60: 湖南 | I60: 97
D61: criteria_range2, criteria2, ... 可选。最多允许 127 个区域/条件对 | F61: 销售 | H61: 湖北 | I61: 500
F62: 销售 | H62: 海南 | I62: 210
F63: IT | H63: 陕西 | I63: 290
I64: 、
A65: MAX | B65: 返回一组值中的最大值 | C65: MAX(number1, [number2], ...) | D65: number1, number2, ... Number1 是必需的，查找 1 到 255 个数字 | E65: 结果 | F65: number
E66: =MAX(F66:I66) -> 5 | F66: 1 | G66: 3 | H66: 5 | I66: 2
E67: =MAX(F67:G67,H67:I67) -> 5 | F67: 1 | G67: 3 | H67: 5 | I67: 2
A69: MIN | B69: 参见MAX
A71: AVERAGE | B71: 返回参数的平均 (算术平均值) | C71: AVERAGE(number1, [number2], ...) | D71: Number1 必需 | E71: 结果 | F71: number
D72: Number2, ... 可选。最多可包含 255 个 | E72: =AVERAGE(F72:I72) -> 2.75 | F72: 1 | G72: 3 | H72: 5 | I72: 2
E73: =AVERAGE(F73:G73,H73:I73) -> 2.75 | F73: 1 | G73: 3 | H73: 5 | I73: 2
A75: AVERAGEIF | B75: 返回某个区域内满足给定条件的所有单元格的平均值（算术平均值） | C75: AVERAGEIF(range, criteria, [average_range]) | D75: Range 必需 | E75: 结果 | F75: Range | G75: Criteria | H75: Range/Average_range
D76: Criteria 必需。形式为数字、表达式、单元格引用或文本的条件 | E76: =AVERAGEIF(F76:F80,G76,H76:H80) -> 3 | F76: A | G76: B | H76: 1
F77: B | H77: 2
E78: =AVERAGEIF(H76:H80,">"&3,H76:H80) -> 4.5 | F78: C | H78: 3
D79: Average_range 可选。如省略，则使用 range | F79: B | H79: 4
E80: =AVERAGEIF(H76:H80,">"&3) -> 4.5 | F80: D | H80: 5
A82: AVERAGEIFS | B82: 返回满足多个条件的所有单元格的平均值（算术平均值） | C82: AVERAGEIFS(average_range, criteria_range1, criteria1, [criteria_range2, criteria2], ...) | D82: Average_range 必需 | E82: 结果 | F82: Average_range | G82: Criteria_range1 | H82: Criteria1 | I82: Criteria_range2
D83: Criteria_range1 必需 | E83: =AVERAGEIFS(F83:F87,G83:G87,H83,I83:I87,">"&20) -> 3.5 | F83: 1 | G83: A | H83: B | I83: 10
D84: criteria_range2 ... 可选。1 至 127 个区域 | F84: 2 | G84: B | I84: 20
F85: 3 | G85: B | I85: 30
D86: Criteria1 必需 | F86: 4 | G86: B | I86: 40
D87: criteria ... 可选 | F87: 5 | G87: C | I87: 50
A89: MEDIAN | B89: 返回一组已知数字的中值（中位数） | C89: MEDIAN(number1, [number2], ...) | D89: number1, number2, ... Number1 是必需的 | E89: 结果 | F89: number
E90: =MEDIAN(F90:H90) -> 3 | F90: 1 | G90: 3 | H90: 5
D91: 1 到 255 个数字 | E91: =MEDIAN(F91,G91:I91) -> 2 | F91: 1 | G91: 1 | H91: 3 | I91: 8
A93: MODE | B93: 返回数组或数据区域中最常出现或重复的值（众数） | C93: MODE(number1,[number2],...) | D93: Number1 必需 | E93: 结果 | F93: number
A94: 早期版本，已被替换 | D94: Number2,... 可选。2 到 254 个参数 | E94: =MODE(F94:I94) -> #N/A | F94: 1 | G94: 2 | H94: 4 | I94: 5
E95: =MODE(F95:I95) -> 2 | F95: 1 | G95: 2 | H95: 2 | I95: 5
A97: MODE.SNGL | B97: 返回在某一数组或数据区域中出现频率最多的数值 | C97: MODE.SNGL(number1,[number2],...) | D97: Number1 必需 | E97: 结果 | F97: number
D98: Number2,... 可选。2 到 254 个参数 | E98: =_xlfn.MODE.SNGL(F98:I98) -> #N/A | F98: 1 | G98: 2 | H98: 4 | I98: 5
E99: =_xlfn.MODE.SNGL(F99:I99) -> 2 | F99: 1 | G99: 2 | H99: 2 | I99: 5
E100: =_xlfn.MODE.SNGL(F100:I101) -> 2 | F100: 1 | G100: 2 | H100: 2 | I100: 5
F101: 7 | G101: 3 | H101: 3 | I101: 9
A103: MODE.MULT | B103: 返回一组数据或数据区域中出现频率最高或重复出现的数值的垂直数组 | C103: MODE.MULT((number1,[number2],...) | D103: Number1 必需 | E103: 结果 | F103: number
C104: 于水平数组： | D104: Number2,... 可选。2 到 254 个参数 | E104: {=_xlfn.MODE.MULT(F104:I104)} -> #N/A | F104: 1 | G104: 2 | H104: 4 | I104: 5
C105: TRANSPOSE(MODE.MULT(number1,number2,...)) | E105: {=_xlfn.MODE.MULT(F105:I105)} -> 2 | F105: 1 | G105: 2 | H105: 2 | I105: 5
E106: {=_xlfn.MODE.MULT(F106:I107)} -> 2 | F106: 1 | G106: 2 | H106: 2 | I106: 5
E107: 3 | F107: 3 | G107: 7 | H107: 9 | I107: 3
E108: {=TRANSPOSE(_xlfn.MODE.MULT(G108:I109))} -> 2 | F108: 3 | G108: 1 | H108: 2 | I108: 2
G109: 3 | H109: 7 | I109: 3
A111: STDEV.S | B111: 基于样本估算标准偏差（忽略样本中的逻辑值和文本） | C111: STDEV.S(number1,[number2],...) | D111: Number1 必需 | E111: 结果 | F111: number
C112: #VALUE! | D112: Number2,... 可选。2 到 254 个参数 | E112: =_xlfn.STDEV.S(F112:I115) -> 4.7609523 | F112: 1 | G112: 2 | H112: 3 | I112: 4
F113: 5 | G113: 6 | H113: 7 | I113: 8
C114: STDEV.S 假设其参数是总体样本。如果数据代表整个总体，使用 STDEV.P 计算标准偏差 | F114: 9 | G114: 10 | H114: 11 | I114: 12
F115: 13 | G115: 14 | H115: 15 | I115: 16
A117: STDEV.P | B117: 计算基于以参数形式给出的整个样本总体的标准偏差（忽略逻辑值和文本） | C117: STDEV.P(number1,[number2],...) | D117: Number1 必需 | E117: 结果 | F117: number
C118: #VALUE! | D118: Number2,... 可选。2 到 254 个参数 | E118: =_xlfn.STDEV.P(F118:I121) -> 4.6097722 | F118: 1 | G118: 2 | H118: 3 | I118: 4
F119: 5 | G119: 6 | H119: 7 | I119: 8
C120: STDEV.P 假定其参数是整个总体。如果数据代表总体样本，使用 STDEV 计算标准偏差 | F120: 9 | G120: 10 | H120: 11 | I120: 12
F121: 13 | G121: 14 | H121: 15 | I121: 16
A123: VAR.S | B123: 估算基于样本的方差（忽略样本中的逻辑值和文本） | C123: VAR.S(number1,[number2],...) | D123: Number1 必需 | E123: 结果 | F123: number
...

Sheet 查找引用
A1: 函数 | B1: 说明摘要 | C1: 语法 | D1: 参数说明 | E1: 使用示例
A2: XLOOKUP | B2: 按行查找表或区域中的项 | C2: XLOOKUP(lookup_value, lookup_array, return_array, [if_not_found], [match_mode], [search_mode]) | E2: 结果 | F2: lookup_value | G2: lookup_array | H2: return_array | I2: [if_not_found]
E3: =_xlfn.XLOOKUP(F3,G3:G7,H3:H7) -> 3 | F3: C | G3: A | H3: 1 | I3: 0
E4: =_xlfn.XLOOKUP(F4,G3:G7,H3:H7) -> #N/A | F4: F | G4: B | H4: 2 | I4: [match_mode]
A5: lookup_value | B5: 必填 | C5: 要搜索的值 | E5: =_xlfn.XLOOKUP(F5,G3:G7,H3:H7,I3) -> 0 | F5: F | G5: C | H5: 3 | I5: -1
E6: =_xlfn.XLOOKUP(F6,G3:G7,H3:H7,I3,I5) -> 5 | F6: F | G6: C | H6: 4 | I6: [search_mode]
A7: lookup_array | B7: 必需​ | C7: 要搜索的数组或区域 | E7: =_xlfn.XLOOKUP(F7,G3:G7,H3:H7,I3,I5,I7) -> 4 | F7: C | G7: E | H7: 5 | I7: -1
A9: return_array | B9: 必需 | C9: 要返回的数组或区域
A11: [if_not_found] | B11: 可选 | C11: 如果未找到有效的匹配项，则返回你提供的 [if_not_found] 文本。
C12: 如果未找到有效的匹配项，并且缺少 [if_not_found]，则返回 #N/A 。
A14: [match_mode] | B14: 可选。指定匹配类型 | C14: 0 - 完全匹配。 如果未找到，则返回 #N/A。 这是默认选项。
C15: -1 - 完全匹配。 如果没有找到,则返回下一个较小的项。
C16: 1 - 完全匹配。 如果没有找到，则返回下一个较大的项。
C17: 2 - 通配符匹配，其中 *, ? 和 ~ 有特殊含义。
A19: [search_mode] | B19: 可选。指定要使用的搜索模式 | C19: 1 - 从第一项开始执行搜索。 这是默认选项。
C20: -1 - 从最后一项开始执行反向搜索。
C21: 2 - 执行依赖于 lookup_array 按升序排序的二进制搜索。 如果未排序，将返回无效结果。
C22: -2 - 执行依赖于 lookup_array 按降序排序的二进制搜索。 如果未排序，将返回无效结果。
A24: INDIRECT | B24: 返回由文本字符串指定的引用 | C24: INDIRECT(ref_text, [a1]) | D24: Ref_text 必需 | E24: 结果 | F24: ref_text | G24: A1
D25: A1 可选。 指定包含在单元格 ref_text 中的引用的类型 | E25: {=INDIRECT(F25)} -> 111 | F25: H25 | H25: 111
C26: Ref_text 必需。对包含 A1 样式引用、R1C1 样式引用、定义为引用的名称或作为文本字符串引用的单元格的引用的引用 | E26: {=INDIRECT(F26&26)} -> 0 | F26: H25 | H26: 222
E27: {=INDIRECT("H"&F27)} -> 333 | F27: 27 | H27: 333
D28: TRUE 或省略，A1-样式 | E28: {=INDIRECT(F28,G28)} -> 444 | F28: H28 | G28: TRUE | H28: 444
D29: FALSE，R1C1 样式 | E29: {=INDIRECT(F29,G29)} -> 555 | F29: R29C8 | G29: FALSE | H29: 555
A31: ROW | B31: 返回引用的行号 | C31: ROW([reference]) | D31: [reference] 可选。需要得到其行号的单元格或单元格区域 | E31: 结果
E32: =ROW() -> 32
E33: =ROW(F32) -> 32
E34: {=ROW(F32:F33)} -> 32
E35: 33
E36: {=ROW(F32:G32)} -> 32
A38: ROWS | B38: 返回引用或数组的行数 | C38: ROWS(array) | D38: array 数组、数组公式或对单元格区域的引用 | E38: 结果
E39: =ROWS(F38:I39) -> 2
A41: COLUMN | B41: 参见COLUMN | E41: 结果
A42: COLUMNS | B42: 参见COLUMNS | E42: =COLUMN() -> 5
E43: =COLUMNS(F43:I43) -> 4
A45: XLOOKUP 函数是 VLOOKUP、HLOOKUP 的改进版本，建议直接使用 XLOOLUP，遇到不支持 XLOOKUP 的早期Office版本，除了使用 VLOOKUP、HLOOKUP，也可以组合使用 INDEX + MATCH 代替。 VLOOKUP、HLOOKUP 略。
A46: INDEX | B46: 数组形式：通过行号和列号索引返回元素的值（当第一个参数为数组常量时） | C46: INDEX(array, row_num, [column_num]) | D46: 略，详见帮助文档 | E46: 结果 | F46: array | I46: row_num
E47: {=INDEX(F47:H49,I47,I49)} -> 5 | F47: 1 | G47: 2 | H47: 3 | I47: 2
E48: {=INDEX(F48:H48,I49)} -> 5 | F48: 4 | G48: 5 | H48: 6 | I48: [column_num]
E49: {=INDEX(G47:G49,I47)} -> 5 | F49: 7 | G49: 8 | H49: 9 | I49: 2
B50: 引用格式：指定的行与列交叉处的单元格引用。 如果引用由不连续的选定区域组成，可以选择某一选定区域 | C50: INDEX(reference, row_num, [column_num], [area_num]) | D50: 略，详见帮助文档 | E50: 结果 | F50: reference
E51: {=INDEX(F51:I58,E54,E56)} -> 11 | F51: 1 | G51: 2 | H51: 3 | I51: 4
E52: {=INDEX((F51:I54,F55:I58),E54,E56,E58)} -> 27 | F52: 5 | G52: 6 | H52: 7 | I52: 8
E53: row_num | F53: 9 | G53: 10 | H53: 11 | I53: 12
E54: 3 | F54: 13 | G54: 14 | H54: 15 | I54: 16
E55: [column_num] | F55: 17 | G55: 18 | H55: 19 | I55: 20
E56: 3 | F56: 21 | G56: 22 | H56: 23 | I56: 24
E57: [area_num] | F57: 25 | G57: 26 | H57: 27 | I57: 28
E58: 2 | F58: 29 | G58: 30 | H58: 31 | I58: 32
A60: MATCH | B60: 在范围单元格中搜索特定的项，然后返回该项在此区域中的相对位置 | C60: MATCH(lookup_value, lookup_array, [match_type]) | D60: 略，详见帮助文档 | E60: 结果 | F60: lookup_value | G60: kup_array
E61: =MATCH(F61,G62:I62) -> 2 | F61: 5 | G61: 1 | H61: 2 | I61: 3
E62: =MATCH(F61,H61:H63) -> 2 | F62: [match_type] | G62: 4 | H62: 5 | I62: 6
E63: =MATCH(F61,G63:I63,F63) -> #N/A | F63: 0 | G63: 7 | H63: 8 | I63: 9

Sheet 逻辑判断
A1: 函数 | B1: 说明摘要 | C1: 语法 | D1: 参数说明 | E1: 使用示例
A2: IF | B2: 对值和期待值进行逻辑比较 | C2: IF(logical_test, value_if_true, [value_if_false]) | D2: logical_test 必需 | E2: 结果 | F2: logical_test | G2: logical_test | H2: value_if_true | I2: value_if_false
D3: value_if_true 必需 | E3: =IF(F3<G3,H3) -> YES | F3: 1 | G3: 2 | H3: YES
D4: value_if_false 可选 | E4: =IF(F4>G4,H4,I4) -> NO | F4: 1 | G4: 2 | H4: YES | I4: NO
A6: IFS | B6: 检查是否满足一个或多个条件，且返回符合第一个 TRUE 条件的值 | C6: IFS(logical_test1, value_if_true1, [logical_test2, value_if_true2], [logical_test3, value_if_true3],…) | D6: logical_test1 必需。计算结果为 TRUE 或 FALSE 的条件 | E6: 结果 | H6: value_if_true1
E7: {=_xlfn.IFS(F7>G8,H7,F7>G10,H9,F7>G12,H11,F7<G12,H13)} -> A | F7: 120 | H7: A
D8: value_if_true1 必需 | G8: 100
D9: logical_test2…logical_test127 可选 | E9: {=_xlfn.IFS(F9>G8,H7,F9>G10,H9,F9>G12,H11,F9<G12,H13)} -> B | F9: 70 | H9: B
G10: 60
D11: value_if_true2…value_if_true127 可选 | E11: {=_xlfn.IFS(F11>G8,H7,F11>G10,H9,F11>G12,H11,F11<G12,H13)} -> C | F11: 40 | H11: C
G12: 0
E13: {=_xlfn.IFS(F13>G8,H7,F13>G10,H9,F13>G12,H11,F13<G12,H13)} -> D | F13: -15 | H13: D
A15: IFERROR | B15: 处理公式中的错误 | C15: IFERROR(value, value_if_error) | D15: value 必需。检查是否存在错误的参数 | E15: 结果 | F15: value | G15: value_if_error
E16: =F16 -> #DIV/0! | F16: =1/0 -> #DIV/0!
C17: 评估以下错误类型：#N/A、#VALUE！、#REF！、#DIV/0！、#NUM！、#NAME？或 #NULL！ | D17: value_if_error 必需。公式计算结果为错误时要返回的值 | E17: =IFERROR(F17,G17) -> 0 | F17: =1/0 -> #DIV/0! | G17: 0
E18: =F18 -> #NAME? | F18: {=5+A} -> #NAME?
E19: =IFERROR(F19,G19) -> 0 | F19: {=5+A} -> #NAME? | G19: 0
A21: AND | B21: 确定测试中的所有条件是否均为 TRUE | C21: AND(logical1, [logical2], ...) | D21: Logical1 必填 | E21: 结果 | F21: Logical1 | G21: Logical2
D22: Logical2, … 可选。最多 255 个条件 | E22: =AND(F22,G22) -> FALSE | F22: TRUE | G22: FALSE
E23: =AND(F23,G23) -> FALSE | F23: FALSE | G23: TRUE
E24: =AND(F24,G24) -> TRUE | F24: TRUE | G24: TRUE
A26: OR | B26: 确定测试中的所有条件是否均为 TRUE | C26: OR(logical1, [logical2], ...) | D26: Logical1 必填 | E26: 结果 | F26: Logical1 | G26: Logical2
D27: Logical2, … 可选。最多 255 个条件 | E27: =OR(F27,G27) -> TRUE | F27: TRUE | G27: FALSE
E28: =OR(F28,G28) -> TRUE | F28: FALSE | G28: TRUE
E29: =OR(F29,G29) -> TRUE | F29: TRUE | G29: TRUE
A31: NOT | B31: 对其参数的值进行求反 | C31: NOT(Logical) | D31: Logical 必需。计算结果为 TRUE 或 FALSE 的任何值或表达式 | E31: 结果 | F31: Logical
E32: =NOT(F32) -> FALSE | F32: TRUE
E33: =NOT(F33) -> TRUE | F33: FALSE

Sheet 日期时间
A1: 函数 | B1: 说明摘要 | C1: 语法 | D1: 参数说明 | E1: 使用示例
A2: TODAY | B2: 返回当前日期的序列号 | C2: TODAY() | D2: 没有参数 | E2: 结果
E3: =TODAY() -> 46030 | F3: Excel会将单元格格式更改为“日期”
A5: NOW | B5: 返回当前日期和时间的序列号 | C5: Now() | D5: 没有参数 | E5: 结果
E6: =NOW() -> 46030.616 | F6: Excel 会更改单元格格式
A8: DATE | B8: 返回表示特定日期的连续序列号 | C8: DATE(year,month,day) | D8: year 必需 | E8: 结果 | F8: year | G8: month | H8: day
D9: month 必需 | E9: =DATE(F9,G9,H9) -> 46022 | F9: 2025 | G9: 12 | H9: 31
D10: day 必需
A12: YEAR | B12: 返回对应于某个日期的年份 | C12: YEAR(serial_number) | D12: Serial_number 必需。要查找的年份的日期 | E12: 结果 | F12: serial_number
E13: =YEAR(F13) -> 2026 | F13: =TODAY() -> 46030
E14: =YEAR(F14)-G14 -> 44 | F14: =TODAY() -> 46030 | G14: 1982
A16: MONTH | B16: 返回日期（以序列数表示）中的月份 | C16: MONTH(serial_number) | D16: Serial_number 必需。要查找的年份的日期 | E16: 结果 | F16: serial_number
E17: =MONTH(F17) -> 1 | F17: =TODAY() -> 46030
A19: DAY | B19: 返回以序列数表示的某日期的天数 | C19: DAY(serial_number) | D19: Serial_number 必需。要查找的年份的日期 | E19: 结果 | F19: serial_number
E20: =DAY(F20) -> 8 | F20: =TODAY() -> 46030
A22: DAYS | B22: 返回两个日期之间的天数 | C22: DAYS(end_date, start_date) | D22: Start_date 和 End_date 是用于计算期间天数的起止日期 | E22: 结果 | F22: End_date | G22: Start_date
E23: =_xlfn.DAYS(F23,G23) -> 364 | F23: 46022 | G23: 45658
E24: =F23-G23 -> 364
A26: WEEKDAY | B26: 返回对应于某个日期的一周中的第几天 | C26: WEEKDAY(serial_number,[return_type]) | D26: Serial_number 必需 | E26: 结果
E27: =WEEKDAY(G27) -> 5 | F27: Serial_number | G27: =TODAY() -> 46030
E28: =WEEKDAY(G28,I28) -> 4 | F28: Serial_number | G28: =TODAY() -> 46030 | H28: Return_type | I28: 2
E29: =WEEKDAY(G29,I29) -> 3 | F29: Serial_number | G29: 46022 | H29: Return_type | I29: 2
B30: Return_type | C30: 返回的数字
B31: 1 或省略 | C31: 数字 1（星期日）到 7（星期六）。 同 Microsoft Excel 早期版本。
B32: 2 | C32: 数字 1（星期一）到 7（星期日）。
B33: 3 | C33: 数字 0（星期一）到 6（星期日）。
B34: 11 | C34: 数字 1（星期一）到 7（星期日）。
B35: 1.2 | C35: 数字 1（星期二）到数字 7（星期一）。
B36: 1.3 | C36: 数字 1（星期三）到数字 7（星期二）。
B37: 14 | C37: 数字 1（星期四）到数字 7（星期三）。
B38: 15 | C38: 数字 1（星期五）到数字 7（星期四）。
B39: 16 | C39: 数字 1（星期六）到数字 7（星期五）。
B40: 17 | C40: 数字 1（星期日）到 7（星期六）。

Sheet 数学
A1: 函数 | B1: 说明摘要 | C1: 语法 | D1: 参数说明 | E1: 使用示例
A2: ROUND | B2: 将数字四舍五入到指定的位数 | C2: ROUND(number, num_digits) | D2: number 必需。要四舍五入的数字 | E2: 结果 | F2: number | G2: num_digits
E3: =ROUND(F3,G3) -> 3.1416 | F3: 3.1415926 | G3: 4
A5: ROUNDUP | B5: 将数字进行向上舍入到指定的位数 | C5: ROUNDUP(number, num_digits) | D5: number 必需。要四舍五入的数字 | E5: =ROUNDUP(F5,G5) -> 3.1416 | F5: 3.1415926 | G5: 4
A8: ROUNDDOWN | B8: 将数字进行向下舍入到指定的位数 | C8: ROUNDDOWN(number, num_digits) | D8: number 必需。要四舍五入的数字 | E8: =ROUNDDOWN(F8,G8) -> 3.1415 | F8: 3.1415926 | G8: 4
A11: ABS | B11: 返回数字的绝对值 | C11: ABS(number) | D11: number 必需。需要计算其绝对值的实数 | E11: 结果 | F11: number
E12: =ABS(F12) -> 3.14 | F12: -3.14
E13: =ABS(F13) -> 0 | F13: 0
E14: =ABS(F14) -> 3.14 | F14: 3.14
A16: MOD | B16: 返回两数相除的余数。结果的符号与除数相同 | C16: MOD(number, divisor) | D16: number 必需。被除数 | E16: 结果 | F16: number | G16: divisor
D17: divisor 必需。除数 | E17: =MOD(F17,G17) -> 1 | F17: 3 | G17: 2
A19: RAND | B19: 返回了一个大于等于 0 且小于 1 的平均分布的随机实数 | C19: RAND() | D19: 没有参数 | E19: 结果
E20: =RAND() -> 0.50017802
A23: RANDBETWEEN | B23: 返回位于两个指定数之间的一个随机整数 | C23: RANDBETWEEN(bottom, top) | D23: bottom 必需。最小整数 | E23: 结果 | F23: bottom | G23: top
D24: top 必需。最大整数 | E24: =RANDBETWEEN(F24,G24) -> 60 | F24: 1 | G24: 100

Sheet 动态阵列
A1: 函数 | B1: 说明摘要 | C1: 语法 | D1: 参数说明 | E1: 使用示例
A2: FILTER | B2: 基于布尔值 (True/False) 数组筛选数组 | C2: FILTER(array,include,[if_empty]) | D2: array 必需。要筛选的数组或区域 | E2: include | F2: A | G2: [if_empty] | H2: 0
E3: Col A | F3: Col B | G3: Col C | H3: Col D | I3: Col E
C4: [if_empty] 可选。所含数组中的所有值都为空（筛选器不返回任何内容）时返回的值 | D4: include 必需。布尔值数组 | E4: {=_xlfn._xlws.FILTER(A115:E124,B115:B124=F2,H2)} -> Row 1 | F4: A | G4: 甲 | H4: 3 | I4: 51
E5: Row 6 | F5: A | G5: 乙 | H5: 9 | I5: 48
A7: SORT | B7: 将返回数组中排序的元素数组 | C7: SORT(array,[sort_index],[sort_order],[by_col]) | D7: [sort_index] 可选。一个数字，表示要按其排序的行或列 | E7: [sort_index] | F7: [sort_order] | G7: [by_col]
E8: 2 | F8: 1 | G8: FALSE
E9: Col A | F9: Col B | G9: Col C | H9: Col D | I9: Col E
D10: [sort_order] 可选。1 表示升序（默认值），-1 表示降序 | E10: {=_xlfn._xlws.SORT(A115:E124,E8,F8,G8)} -> Row 1 | F10: A | G10: 甲 | H10: 3 | I10: 51
E11: Row 6 | F11: A | G11: 乙 | H11: 9 | I11: 48
E12: Row 2 | F12: B | G12: 乙 | H12: 5 | I12: 67
D13: [by_col] 可选。False 表示按行排序（默认值），True 表示按列排序 | E13: Row 3 | F13: B | G13: 丙 | H13: 7 | I13: 43
E14: Row 4 | F14: C | G14: 甲 | H14: 3 | I14: 77
E15: Row 5 | F15: D | G15: 丙 | H15: 5 | I15: 43
E16: Row 10 | F16: D | G16: 丙 | H16: 6 | I16: 25
E17: Row 7 | F17: E | G17: 丙 | H17: 10 | I17: 19
E18: Row 8 | F18: F | G18: 甲 | H18: 8 | I18: 34
E19: Row 9 | F19: G | G19: 乙 | H19: 4 | I19: 55
A21: SORTBY | B21: 基于相应范围或数组中的值对范围或数组的内容进行排序 | C21: SORTBY(array, by_array1, [sort_order1], [by_array2, sort_order2],…) | D21: array 必需。要进行排序的数组或区域 | E21: [sort_order1] | F21: [sort_order2]
E22: 1 | F22: -1
D23: by_array 要对其进行排序的数组或区域 | E23: Col A | F23: Col B | G23: Col C | H23: Col D | I23: Col E
E24: {=_xlfn.SORTBY(A115:E124,B115:B124,E22,F115:F124,F22)} -> Row 6 | F24: A | G24: 乙 | H24: 9 | I24: 48
D25: [sort_order] 1 表示升序，-1 表示降序。 默认为升序 | E25: Row 1 | F25: A | G25: 甲 | H25: 3 | I25: 51
E26: Row 3 | F26: B | G26: 丙 | H26: 7 | I26: 43
E27: Row 2 | F27: B | G27: 乙 | H27: 5 | I27: 67
E28: Row 4 | F28: C | G28: 甲 | H28: 3 | I28: 77
E29: Row 10 | F29: D | G29: 丙 | H29: 6 | I29: 25
E30: Row 5 | F30: D | G30: 丙 | H30: 5 | I30: 43
E31: Row 7 | F31: E | G31: 丙 | H31: 10 | I31: 19
E32: Row 8 | F32: F | G32: 甲 | H32: 8 | I32: 34
E33: Row 9 | F33: G | G33: 乙 | H33: 4 | I33: 55
A35: UNIQUE | B35: 函数返回列表或范围中的一系列唯一值 | C35: UNIQUE (array，[by_col]，[exactly_once]) | D35: [by_col] 可选。TRUE 将相互比较列并返回唯一列。FALSE (或省略) 将相互比较行并返回唯一行 | E35: [by_col] | F35: FALSE | G35: [exactly_once] | H35: FALSE
E36: Col B | G36: Col B | H36: Col C
E37: {=_xlfn.UNIQUE(B115:B124,F35,H35)} -> A | G37: {=_xlfn.UNIQUE(B115:C124,F35,H35)} -> A | H37: 甲
E38: B | G38: B | H38: 乙
E39: C | G39: B | H39: 丙
D40: [exactly_once] 可选。TRUE 将返回区域或数组中发生一次的所有非重复行或列。FALSE (或省略) 将返回区域或数组中的所有不同行或列 | E40: D | G40: C | H40: 甲
E41: E | G41: D | H41: 丙
E42: F | G42: A | H42: 乙
E43: G | G43: E | H43: 丙
G44: F | H44: 甲
G45: G | H45: 乙
A47: SEQUENCE | B47: 在数组中生成一系列连续数字 | C47: SEQUENCE(rows,[columns],[start],[step]) | D47: rows 必需。返回的行数 | E47: rows | F47: 5 | G47: [columns] | H47: 5
D48: [columns] 可选。要返回的列数 | E48: [start] | F48: 1 | G48: [step] | H48: 2
E49: {=_xlfn.SEQUENCE(F47,H47,F48,H48)} -> 1 | F49: 3 | G49: 5 | H49: 7 | I49: 9
D50: [start] 可选。序列中第一个数字 | E50: 11 | F50: 13 | G50: 15 | H50: 17 | I50: 19
E51: 21 | F51: 23 | G51: 25 | H51: 27 | I51: 29
D52: [step] 可选。数组中每个连续值递增的值 | E52: 31 | F52: 33 | G52: 35 | H52: 37 | I52: 39
E53: 41 | F53: 43 | G53: 45 | H53: 47 | I53: 49
A55: RANDARRAY | B55: 返回一组随机数字 | C55: RANDARRAY([rows],[columns],[min],[max],[whole_number]) | D55: [rows] 可选。要返回的行数 | E55: [rows] | F55: [columns] | G55: [min] | H55: [max] | I55: [whole_number]
E56: 5 | F56: 5 | G56: 1 | H56: 100 | I56: FALSE
D57: [columns] 可选。要返回的列数 | E57: {=_xlfn.RANDARRAY(E56,F56,G56,H56,I56)} -> 75.478091 | F57: 85.09549 | G57: 54.045991 | H57: 43.50761 | I57: 8.0536411
E58: 42.878407 | F58: 70.574854 | G58: 62.281422 | H58: 41.124067 | I58: 70.164456
C59: [max] 可选。想返回的最大数值 | D59: [min] 可选。返回的最小数值 | E59: 65.611624 | F59: 41.651359 | G59: 33.016312 | H59: 74.555073 | I59: 52.156963
E60: 27.236521 | F60: 58.686343 | G60: 52.042082 | H60: 94.615318 | I60: 79.676389
C61: [integer] 可选。TRUE 表示整数。十进制数的 FALSE | E61: 79.037231 | F61: 42.958814 | G61: 18.427953 | H61: 6.9508698 | I61: 86.706467
A63: TEXTSPLIT | B63: 跨列拆分或按行向下拆分文本 | C63: TEXTSPLIT(text,col_delimiter,[row_delimiter],[ignore_empty], [match_mode], [pad_with]) | D63: text 必需。要拆分的文本 | E63: text | F63: 甲A乙AA丙 A丁a戊
A64: Office2024以上 | E64: col_delimiter | F64: [row_delimiter] | G64: [ignore_empty] | H64: [match_mode] | I64: [pad_with]
E65: A | G65: TRUE | H65: 1 | I65: 0
C66: ignore_empty 可选。指定 TRUE 以忽略连续分隔符。默认为 FALSE，将创建一个空单元格 | D66: col_delimiter 标记跨列溢出文本的点的文本 | E66: {=_xlfn.TEXTSPLIT(F63,E65,,G65,H65,I65)} -> 甲 | F66: 乙 | G66: 丙 | H66: 丁 | I66: 戊
C68: match_mode 可选。指定 1 以执行不区分大小写的匹配。默认为 0，这会执行区分大小写的匹配 | D68: row_delimiter 可选。标记向下溢出文本行的点的文本 | E68: {=_xlfn.TEXTSPLIT("执行此操作。 或者不执行。 没有尝试。 - 匿名"," ","不",,,I65)} -> 执行此操作。 | F68: 或者 | G68: 0 | H68: 0
E69: 执行。 | F69: 没有尝试。 | G69: - | H69: 匿名
C70: pad_with 用于填充结果的值。默认值为 #N/A | E70: 如果存在多个分隔符，则必须使用数组常量。如：TEXTSPLIT(A1,{",","."})
A72: OFFSET | B72: 返回对单元格或单元格区域中指定行数和列数的区域的引用 | C72: OFFSET(reference, rows, cols, [height], [width]) | D72: reference 必需 | E72: 结果 | F72: 结果 | G72: reference
D73: Rows 左上角单元格引用的向上或向下行数。可为正数或负数 | E73: {=OFFSET(G73:G76,I73,I74)} -> 2 | F73: {=OFFSET(G73:G76,I73,I74,I75,I76)} -> 2 | G73: 1 | H73: rows | I73: 1
E74: 3 | F74: 3 | G74: 2 | H74: cols | I74: 0
E75: 4 | F75: 4 | G75: 3 | H75: [height] | I75: 3
D76: 参考cols | E76: 0 | G76: 4 | H76: [width] | I76: 1
D77: [height] 要返回的行高
D78: [width] 要返回的列宽
A80: PIVOTBY | B80: 根据指定的行和列字段对数据进行分组、聚合、排序和筛选 | C80: PIVOTBY (row_fields，col_fields，values，function，[field_headers]，[row_total_depth]，[row_sort_order]，[col_total_depth]，[col_sort_order]，[filter_array]，[relative_to])​ | E80: [field_headers] | F80: [row_total_depth] | G80: [row_sort_order] | H80: [col_total_depth] | I80: [col_sort_order]
E81: 1 | F81: 1 | G81: 1 | H81: 1 | I81: 1
E82: {=_xlfn.PIVOTBY(B114:B124,C114:C124,E114:E124,_xleta.SUM,E81,F81,G81,H81,I81)} | F82: 丙 | G82: 甲 | H82: 乙 | I82: 总计
E83: A | G83: 51 | H83: 48 | I83: 99
E84: B | F84: 43 | H84: 67 | I84: 110
E85: C | G85: 77 | I85: 77
A86: row_fields 必需 一个面向列的数组或区域。数组或区域可以包含多个列。 如果是这样，输出将具有多个行组级别 | E86: D | F86: 68 | I86: 68
E87: E | F87: 19 | I87: 19
A88: col_fields 必需。一个面向列的数组或区域。 数组或区域可以包含多个列。 如果是这样，输出将具有多个列组级别 | E88: F | G88: 34 | I88: 34
E89: G | H89: 55 | I89: 55
A90: values 必需。要聚合的数据的面向列的数组或区域。数组或区域可以包含多个列。 如果是这样，输出将具有多个聚合 | E90: 总计 | F90: 130 | G90: 162 | H90: 170 | I90: 462
A92: function 必需。定义如何聚合值的 lambda 函数或 eta-reduced lambda (SUM、AVERAGE、COUNT 等) 。
A94: field_headers 指定 row_fields、col_fields 和 值是否具有标头，以及是否应在结果中返回字段标头。 可能的值为：
A95: 缺失：自动 0：否 1：是且不显示 2：否，但生成 3：是并显示
A96: 注意: 自动假定数据包含基于 values 参数的标头。 如果第 1 个值为文本，第 2 个值为数字，则假定数据具有标头。 如果有多个行或列组级别，则显示字段标头。
A98: row_total_depth 确定行标题是否应包含总计。 可能的值为：
A99: 缺失：自动：总计和小计（如果可能）。 0： No Totals 1： Grand Totals 2： Grand and Subtotals -1： Grand Totals at Top -2： Grand total and Subtotals at Top
A100: 注意: 对于小计， row_fields 必须至少包含 2 列。 如果row_field有足够的列，则支持大于 2 的数字
A102: row_sort_order 一个数字，指示应如何对列进行排序。 数字对应于 row_fields 中的列，后跟 值中的列。 如果数字为负数，则行按降序/反向排序。仅基于 row_fields进行排序时，可以提供数字向量
A104: col_total_depth、col_sort_order参见row_total_depth、row_sort_order
A106: filter_array 一个面向列的 1D 布尔值数组，指示是否应考虑相应的数据行。注意: 数组的长度必须与提供给 row_fields 和 col_fields的长度匹配
A108: relative_to 使用需要两个参数的聚合函数时，relative_to 控制向聚合函数的第二个参数提供哪些值。 这通常在为函数提供PERCENTOF时使用
A109: 可能的值为：0：列汇总 (默认) 1：行总计 2：总计 3：父总计 4：父行总计
... A113: array
A114: Col A | B114: Col B | C114: Col C | D114: Col D | E114: Col E | F114: Col F | G114: Col G | H114: Col H | I114: Col I
A115: Row 1 | B115: A | C115: 甲 | D115: 3 | E115: 51 | F115: 3 | G115: 100 | H115: 0.5 | I115: 一
A116: Row 2 | B116: B | C116: 乙 | D116: 5 | E116: 67 | F116: 5 | G116: 100 | H116: 0.7 | I116: 二
A117: Row 3 | B117: B | C117: 丙 | D117: 7 | E117: 43 | F117: 6 | G117: 100 | H117: 0.7 | I117: 三
A118: Row 4 | B118: C | C118: 甲 | D118: 3 | E118: 77 | F118: 7 | G118: 300 | H118: 0.4 | I118: 四
A119: Row 5 | B119: D | C119: 丙 | D119: 5 | E119: 43 | F119: 1 | G119: 300 | H119: 0.5 | I119: 五
...
